K,baseline,fine_tuned
1,4.0,5.6000000000000005
5,8.200000000000001,9.0
10,9.8,11.600000000000001
20,11.4,13.200000000000001
